{"data": [{"name": "\u5b89\u5fbd", "value": 0}, {"name": "\u5317\u4eac", "value": 0}, {"name": "\u798f\u5efa", "value": 0}, {"name": "\u7518\u8083", "value": 0}, {"name": "\u5e7f\u4e1c", "value": 0}, {"name": "\u5e7f\u897f", "value": 0}, {"name": "\u8d35\u5dde", "value": 0}, {"name": "\u56fd\u5916", "value": 0}, {"name": "\u6d77\u5357", "value": 0}, {"name": "\u6cb3\u5317", "value": 0}, {"name": "\u6cb3\u5357", "value": 7}, {"name": "\u9ed1\u9f99\u6c5f", "value": 0}, {"name": "\u6e56\u5317", "value": 0}, {"name": "\u6e56\u5357", "value": 0}, {"name": "\u5409\u6797", "value": 0}, {"name": "\u6c5f\u82cf", "value": 3}, {"name": "\u6c5f\u897f", "value": 0}, {"name": "\u8fbd\u5b81", "value": 0}, {"name": "\u5185\u8499\u53e4", "value": 0}, {"name": "\u5b81\u590f", "value": 0}, {"name": "\u9752\u6d77", "value": 0}, {"name": "\u5c71\u4e1c", "value": 0}, {"name": "\u5c71\u897f", "value": 0}, {"name": "\u9655\u897f", "value": 0}, {"name": "\u4e0a\u6d77", "value": 0}, {"name": "\u56db\u5ddd", "value": 0}, {"name": "\u5929\u6d25", "value": 0}, {"name": "\u9999\u6e2f", "value": 0}, {"name": "\u65b0\u7586", "value": 0}, {"name": "\u4e91\u5357", "value": 0}, {"name": "\u6d59\u6c5f", "value": 2}, {"name": "\u91cd\u5e86", "value": 0}]}
